1,2,141
1,3,35
1,4,127
1,5,69
1,6,68
1,7,17
1,8,22
1,9,41
1,10,15
1,11,27
1,12,137
1,13,24
1,14,55
1,16,41
1,17,15
1,18,6
1,19,72
1,20,200
1,21,3
1,22,50
1,23,47
1,24,12
1,25,176
1,26,160
1,27,60
1,28,10
1,29,144
1,30,104
1,31,33
1,32,13
1,33,33
1,34,13
1,35,47
1,36,24
1,37,20
1,38,27
1,39,45
1,40,27
1,41,17
1,42,9
1,43,27
1,44,55
1,45,37
1,46,548
1,47,39
1,48,172
1,49,14
1,50,12
1,51,324
1,52,47
1,53,16
1,54,30
1,55,33
1,56,10
1,57,206
1,58,196
1,59,19
1,60,143
1,61,34
1,62,36
1,63,47
1,64,14
1,65,162
1,66,14
1,67,8
1,68,34
1,69,39
1,70,32
1,71,44
1,72,16
1,73,48
1,74,80
1,75,293
1,76,40
1,77,117
1,78,143
1,79,44
1,80,40
1,81,23
1,82,31
1,83,17
1,84,39
1,85,18
1,86,19
1,87,14
1,88,28
2,3,17
2,4,116
2,5,38
2,6,83
2,7,33
2,8,20
2,9,17
2,10,23
2,11,20
2,12,70
2,13,6
2,14,48
2,15,17
2,16,15
2,17,7
2,18,22
2,19,21
2,20,74
2,21,2
2,22,22
2,23,20
2,24,8
2,25,112
2,26,62
2,27,23
2,28,4
2,29,19
2,30,2
2,31,14
2,32,3
2,33,7
2,34,2
2,35,18
2,36,3
2,37,5
2,38,3
2,39,45
2,40,39
2,41,44
2,42,4
2,43,3
2,44,41
2,45,21
2,46,236
2,47,21
2,48,97
2,49,6
2,50,10
2,51,187
2,52,8
2,53,10
2,54,22
2,55,16
2,56,39
2,57,141
2,58,93
2,59,1
2,60,113
2,61,36
2,62,14
2,63,36
2,64,3
2,65,154
2,66,2
2,67,6
2,68,41
2,69,1
2,70,32
2,71,13
2,72,16
2,73,24
2,74,97
2,75,99
2,76,2
2,77,72
2,78,37
2,79,5
2,80,18
2,81,15
2,82,33
2,83,8
2,84,35
2,87,2
2,88,35
3,4,20
3,5,13
3,6,11
3,7,2
3,8,7
3,11,2
3,12,21
3,13,6
3,14,2
3,16,26
3,17,1
3,19,12
3,20,28
3,22,10
3,23,3
3,24,1
3,25,18
3,26,27
3,27,7
3,28,4
3,29,2
3,30,4
3,31,2
3,32,7
3,35,6
3,40,29
3,43,1
3,44,4
3,46,51
3,47,13
3,48,32
3,49,1
3,51,51
3,52,4
3,56,4
3,57,14
3,58,21
3,59,2
3,60,15
3,62,1
3,63,19
3,65,19
3,66,3
3,68,20
3,69,2
3,70,3
3,71,2
3,72,1
3,74,18
3,75,57
3,77,18
3,78,21
3,79,4
3,80,4
3,81,2
3,82,1
3,84,14
3,85,3
3,86,6
3,87,1
3,88,1
4,5,58
4,6,48
4,7,20
4,8,28
4,9,35
4,10,16
4,11,16
4,12,57
4,13,12
4,14,30
4,15,13
4,16,17
4,17,7
4,18,14
4,19,20
4,20,62
4,22,22
4,23,11
4,24,8
4,25,62
4,26,60
4,27,25
4,28,5
4,29,38
4,30,15
4,31,19
4,32,3
4,33,11
4,34,7
4,35,13
4,36,4
4,37,13
4,38,16
4,39,28
4,40,16
4,41,8
4,42,7
4,43,1
4,44,47
4,45,22
4,46,213
4,47,24
4,48,117
4,49,9
4,50,17
4,51,248
4,52,20
4,53,5
4,54,19
4,55,32
4,56,3
4,57,122
4,58,106
4,59,8
4,60,83
4,61,2
4,62,15
4,63,22
4,64,10
4,65,76
4,66,9
4,67,8
4,68,31
4,69,9
4,70,2
4,71,1
4,72,8
4,73,64
4,74,39
4,75,93
4,76,6
4,77,98
4,78,67
4,79,11
4,80,25
4,81,11
4,82,9
4,83,5
4,84,14
4,85,17
4,86,16
4,87,7
4,88,4
5,6,18
5,8,4
5,9,11
5,10,1
5,11,8
5,12,26
5,13,12
5,14,13
5,16,15
5,17,13
5,19,20
5,20,49
5,21,2
5,22,21
5,23,7
5,24,1
5,25,67
5,26,49
5,27,16
5,28,2
5,29,32
5,30,23
5,31,13
5,32,8
5,33,12
5,34,15
5,35,14
5,36,2
5,37,11
5,38,19
5,39,2
5,40,69
5,42,5
5,43,7
5,44,27
5,45,17
5,46,106
5,47,22
5,48,20
5,49,4
5,51,44
5,52,4
5,53,2
5,54,4
5,55,1
5,57,61
5,58,56
5,59,4
5,60,46
5,61,1
5,62,6
5,63,20
5,64,3
5,65,37
5,66,13
5,67,1
5,68,20
5,69,3
5,70,6
5,71,12
5,73,2
5,74,31
5,75,74
5,76,7
5,77,58
5,78,65
5,79,8
5,80,25
5,81,12
5,82,8
5,83,1
5,84,19
5,85,10
5,86,5
5,87,2
5,88,13
6,8,6
6,9,24
6,10,2
6,11,6
6,12,20
6,13,2
6,14,5
6,15,2
6,16,14
6,17,4
6,18,2
6,19,20
6,20,30
6,21,2
6,22,14
6,23,11
6,24,6
6,25,34
6,26,21
6,27,8
6,28,3
6,29,12
6,30,1
6,31,7
6,32,2
6,33,2
6,34,1
6,35,7
6,36,4
6,37,3
6,38,3
6,39,10
6,40,14
6,41,12
6,42,9
6,43,2
6,44,16
6,45,4
6,46,99
6,47,12
6,48,53
6,49,2
6,50,5
6,51,95
6,52,1
6,53,2
6,54,9
6,55,7
6,57,50
6,58,51
6,59,1
6,60,36
6,61,13
6,62,6
6,63,10
6,64,1
6,65,43
6,66,8
6,67,5
6,68,18
6,69,1
6,70,5
6,71,7
6,73,13
6,74,26
6,75,46
6,76,2
6,77,30
6,78,20
6,79,3
6,80,13
6,81,1
6,82,12
6,83,4
6,84,11
6,85,6
6,87,4
6,88,9
7,8,5
7,9,3
7,10,1
7,11,2
7,12,15
7,13,1
7,14,1
7,15,12
7,17,1
7,18,2
7,20,14
7,21,1
7,22,1
7,24,2
7,25,18
7,26,14
7,28,1
7,29,5
7,30,1
7,31,1
7,33,2
7,35,3
7,37,1
7,38,1
7,39,5
7,40,2
7,41,1
7,42,1
7,43,1
7,44,1
7,45,3
7,46,43
7,47,1
7,48,15
7,49,2
7,51,26
7,52,5
7,53,1
7,54,2
7,55,2
7,57,21
7,58,6
7,60,14
7,62,1
7,63,3
7,64,1
7,65,22
7,66,1
7,67,2
7,69,3
7,70,5
7,71,6
7,72,3
7,73,5
7,74,9
7,75,15
7,76,1
7,77,7
7,78,6
7,79,2
7,81,3
7,82,1
7,84,3
8,9,4
8,11,1
8,12,8
8,13,3
8,15,1
8,16,8
8,18,2
8,19,4
8,20,7
8,22,6
8,23,6
8,24,1
8,25,5
8,26,19
8,27,10
8,28,6
8,29,6
8,30,9
8,31,4
8,32,2
8,33,2
8,35,2
8,36,1
8,37,2
8,38,2
8,39,6
8,40,6
8,41,5
8,44,3
8,45,5
8,46,43
8,47,4
8,48,26
8,51,45
8,53,5
8,54,2
8,56,8
8,57,14
8,58,19
8,59,1
8,60,14
8,62,1
8,63,7
8,64,1
8,65,16
8,67,1
8,68,1
8,72,1
8,73,8
8,74,7
8,75,16
8,76,1
8,77,13
8,78,3
8,80,1
8,81,2
8,83,4
8,84,4
8,85,1
8,87,4
8,88,1
9,10,9
9,11,7
9,12,11
9,13,4
9,14,9
9,15,12
9,16,2
9,17,1
9,18,3
9,19,3
9,20,19
9,21,2
9,22,3
9,23,5
9,24,3
9,25,22
9,26,12
9,27,8
9,28,3
9,29,10
9,30,13
9,31,1
9,32,1
9,33,4
9,34,1
9,35,19
9,36,3
9,37,4
9,38,2
9,39,1
9,40,1
9,41,1
9,42,57
9,43,1
9,44,58
9,45,20
9,46,188
9,47,7
9,48,60
9,49,1
9,50,2
9,51,74
9,52,5
9,53,2
9,54,13
9,55,5
9,57,83
9,58,83
9,60,25
9,62,4
9,63,9
9,64,1
9,65,28
9,66,37
9,67,17
9,72,1
9,73,28
9,74,8
9,75,20
9,76,1
9,77,9
9,78,10
9,80,8
9,81,2
9,82,2
9,83,5
9,84,8
9,85,44
9,86,8
9,87,1
10,11,2
10,14,3
10,15,26
10,18,30
10,20,6
10,26,3
10,27,11
10,35,3
10,36,1
10,37,1
10,38,1
10,42,8
10,44,8
10,45,4
10,46,29
10,47,1
10,48,10
10,50,1
10,51,31
10,52,1
10,54,5
10,55,3
10,56,6
10,57,29
10,58,9
10,60,9
10,62,2
10,63,3
10,65,8
10,66,3
10,67,4
10,72,1
10,73,14
10,74,9
10,75,2
10,78,2
10,80,1
10,81,3
10,83,2
10,85,4
10,86,1
11,12,7
11,13,1
11,14,12
11,15,2
11,16,4
11,17,1
11,19,5
11,20,24
11,21,1
11,22,3
11,23,2
11,24,2
11,25,13
11,26,15
11,27,11
11,29,15
11,30,9
11,31,4
11,32,2
11,33,4
11,34,3
11,35,5
11,36,1
11,37,1
11,39,1
11,40,4
11,42,3
11,43,5
11,44,11
11,45,4
11,46,52
11,47,4
11,48,21
11,50,3
11,51,36
11,52,3
11,55,5
11,57,15
11,58,14
11,59,2
11,60,15
11,62,2
11,63,9
11,64,4
11,65,17
11,66,2
11,68,4
11,69,2
11,71,3
11,72,4
11,74,4
11,75,32
11,76,2
11,77,16
11,78,33
11,79,7
11,80,4
11,81,3
11,82,1
11,84,2
11,85,3
11,86,2
11,87,2
11,88,1
12,13,25
12,14,26
12,15,11
12,16,19
12,17,5
12,18,2
12,19,28
12,20,99
12,21,2
12,22,16
12,23,23
12,24,7
12,25,104
12,26,67
12,27,16
12,28,3
12,29,77
12,30,63
12,31,21
12,32,12
12,33,20
12,34,5
12,35,33
12,36,8
12,37,4
12,38,2
12,39,13
12,40,22
12,43,10
12,44,30
12,45,9
12,46,260
12,47,16
12,48,76
12,49,7
12,50,2
12,51,202
12,52,29
12,53,3
12,54,7
12,55,6
12,56,6
12,57,106
12,58,99
12,59,11
12,60,64
12,62,14
12,63,18
12,64,5
12,65,80
12,66,2
12,67,1
12,68,9
12,69,9
12,70,14
12,71,6
12,72,14
12,73,7
12,74,44
12,75,146
12,76,23
12,77,57
12,78,52
12,79,20
12,80,29
12,81,14
12,82,24
12,83,3
12,84,20
12,85,9
12,86,8
12,87,3
12,88,11
13,14,8
13,16,8
13,17,3
13,19,7
13,20,15
13,22,6
13,23,12
13,24,5
13,25,18
13,26,29
13,27,10
13,28,1
13,29,13
13,30,14
13,31,4
13,32,4
13,33,3
13,34,1
13,35,5
13,36,4
13,37,1
13,40,10
13,42,2
13,43,3
13,44,12
13,45,2
13,46,40
13,47,3
13,48,13
13,49,1
13,51,39
13,52,6
13,54,2
13,56,3
13,57,29
13,58,17
13,59,3
13,60,15
13,62,4
13,63,3
13,64,2
13,65,14
13,66,4
13,67,2
13,69,5
13,70,2
13,71,5
13,72,3
13,73,1
13,74,2
13,75,38
13,76,2
13,77,17
13,78,17
13,79,3
13,80,2
13,81,6
13,82,1
13,83,4
13,84,4
13,85,3
13,86,2
13,87,1
13,88,2
14,17,4
14,19,6
14,20,18
14,22,2
14,23,3
14,25,23
14,26,21
14,27,13
14,28,1
14,29,30
14,30,8
14,31,9
14,32,1
14,33,8
14,34,11
14,35,13
14,36,4
14,37,6
14,38,8
14,40,4
14,42,5
14,43,2
14,44,30
14,45,14
14,46,88
14,47,3
14,48,24
14,49,6
14,50,3
14,51,52
14,52,10
14,53,6
14,54,3
14,55,7
14,56,12
14,57,30
14,58,33
14,59,7
14,60,30
14,61,1
14,62,10
14,63,13
14,64,5
14,65,16
14,66,10
14,67,1
14,68,6
14,69,2
14,70,4
14,72,8
14,73,1
14,74,9
14,75,45
14,76,8
14,77,26
14,78,16
14,79,2
14,80,8
14,81,6
14,82,5
14,83,3
14,84,8
14,85,11
14,86,13
14,87,2
14,88,12
15,18,52
15,21,11
15,22,1
15,25,1
15,26,1
15,27,10
15,28,11
15,29,2
15,30,1
15,33,1
15,42,1
15,44,11
15,46,2
15,47,1
15,48,5
15,51,22
15,52,1
15,53,2
15,57,83
15,58,2
15,60,4
15,65,4
15,66,11
15,67,11
15,72,1
15,73,5
15,74,3
15,75,2
15,77,15
15,78,22
15,81,1
16,17,2
16,19,29
16,20,26
16,22,10
16,23,2
16,24,2
16,25,20
16,26,28
16,27,8
16,28,3
16,29,17
16,30,23
16,31,3
16,32,6
16,33,6
16,34,1
16,35,6
16,36,1
16,39,1
16,40,16
16,43,4
16,44,5
16,46,59
16,47,10
16,48,21
16,50,1
16,51,55
16,52,3
16,55,5
16,56,1
16,57,12
16,58,27
16,59,1
16,60,11
16,62,1
16,63,10
16,64,1
16,65,21
16,67,1
16,68,4
16,69,9
16,70,3
16,71,1
16,74,20
16,75,57
16,76,4
16,77,11
16,78,23
16,79,6
16,80,4
16,83,2
16,84,20
16,85,1
16,87,2
16,88,1
17,19,3
17,20,3
17,21,1
17,22,2
17,23,2
17,24,1
17,25,10
17,26,6
17,27,4
17,28,1
17,29,3
17,30,4
17,31,1
17,32,1
17,33,2
17,35,3
17,36,1
17,37,3
17,38,3
17,40,5
17,43,2
17,44,6
17,45,2
17,46,21
17,47,3
17,48,6
17,49,1
17,51,15
17,52,4
17,53,2
17,57,9
17,58,10
17,59,1
17,60,11
17,61,2
17,62,2
17,63,5
17,64,1
17,65,6
17,66,2
17,69,2
17,70,1
17,71,6
17,73,2
17,74,2
17,75,16
17,76,1
17,77,8
17,78,11
17,79,3
17,80,1
17,81,1
17,88,6
18,20,5
18,21,2
18,22,1
18,24,2
18,25,3
18,26,3
18,27,14
18,28,2
18,29,2
18,31,2
18,41,5
18,42,1
18,44,3
18,45,3
18,46,11
18,48,9
18,51,31
18,53,1
18,54,1
18,57,29
18,58,5
18,60,6
18,63,4
18,64,1
18,65,10
18,66,2
18,67,2
18,73,7
18,75,3
18,77,5
18,78,5
18,81,1
19,20,33
19,22,13
19,23,6
19,24,2
19,25,35
19,26,32
19,27,15
19,28,2
19,29,26
19,30,17
19,31,4
19,32,6
19,33,7
19,35,7
19,36,6
19,38,2
19,40,17
19,43,4
19,44,11
19,45,4
19,46,83
19,47,5
19,48,29
19,49,1
19,50,2
19,51,67
19,52,5
19,55,11
19,56,1
19,57,32
19,58,28
19,59,1
19,60,22
19,61,4
19,62,7
19,63,11
19,64,1
19,65,24
19,67,2
19,68,6
19,69,15
19,70,7
19,71,8
19,73,6
19,74,19
19,75,71
19,76,10
19,77,29
19,78,34
19,79,8
19,80,9
19,81,1
19,82,4
19,83,7
19,84,5
19,85,1
19,86,4
19,87,6
19,88,6
20,21,9
20,22,45
20,23,22
20,24,11
20,25,153
20,26,70
20,27,29
20,28,5
20,29,114
20,30,82
20,31,18
20,32,8
20,33,26
20,34,8
20,35,38
20,36,12
20,37,10
20,38,7
20,39,4
20,40,24
20,41,2
20,42,7
20,43,17
20,44,20
20,45,17
20,46,403
20,47,28
20,48,89
20,49,18
20,50,5
20,51,139
20,52,51
20,53,6
20,54,3
20,55,11
20,56,13
20,57,87
20,58,118
20,59,12
20,60,75
20,61,4
20,62,17
20,63,47
20,64,10
20,65,56
20,66,4
20,67,3
20,68,17
20,69,16
20,70,4
20,71,17
20,73,12
20,74,46
20,75,124
20,76,33
20,77,59
20,78,104
20,79,42
20,80,30
20,81,4
20,82,9
20,83,8
20,84,22
20,85,10
20,86,10
20,87,14
20,88,22
21,22,9
21,23,9
21,26,2
21,28,1
21,29,1
21,32,1
21,33,1
21,37,1
21,40,1
21,43,1
21,44,2
21,45,1
21,46,1
21,47,1
21,48,21
21,51,50
21,57,14
21,58,12
21,60,4
21,64,1
21,65,6
21,66,1
21,67,1
21,71,4
21,73,1
21,74,38
21,75,2
21,77,7
21,78,3
21,80,1
21,82,1
21,83,1
22,23,13
22,24,1
22,25,34
22,26,21
22,27,2
22,28,1
22,29,20
22,30,11
22,31,4
22,32,4
22,33,5
22,34,3
22,35,9
22,36,1
22,38,2
22,40,6
22,41,6
22,43,4
22,44,5
22,45,4
22,46,93
22,47,6
22,48,33
22,49,3
22,51,59
22,52,11
22,53,5
22,54,2
22,55,1
22,56,8
22,57,29
22,58,45
22,59,5
22,60,21
22,61,5
22,62,7
22,63,12
22,64,2
22,65,19
22,67,2
22,68,9
22,69,8
22,70,2
22,71,5
22,72,1
22,73,2
22,74,15
22,75,48
22,76,8
22,77,19
22,78,26
22,79,3
22,80,6
22,81,2
22,82,6
22,83,7
22,84,11
22,85,2
22,86,4
22,87,7
22,88,4
23,24,2
23,25,28
23,26,28
23,27,6
23,28,2
23,29,16
23,30,27
23,31,20
23,32,3
23,33,4
23,34,3
23,35,9
23,36,4
23,37,2
23,38,4
23,40,12
23,41,12
23,43,4
23,44,7
23,45,4
23,46,99
23,47,1
23,48,34
23,49,1
23,51,65
23,52,7
23,53,3
23,54,3
23,56,2
23,57,16
23,58,34
23,59,9
23,60,21
23,61,4
23,62,6
23,63,5
23,64,1
23,65,16
23,67,2
23,68,12
23,70,4
23,71,15
23,72,2
23,73,1
23,74,7
23,75,45
23,76,2
23,77,24
23,78,19
23,79,2
23,80,10
23,81,3
23,82,12
23,83,12
23,84,6
23,85,1
23,86,2
23,87,2
23,88,4
24,25,8
24,26,8
24,27,4
24,28,1
24,29,4
24,30,4
24,35,2
24,36,1
24,39,1
24,40,4
24,43,1
24,46,30
24,47,1
24,48,16
24,51,28
24,54,1
24,57,16
24,58,2
24,60,10
24,63,1
24,65,17
24,70,1
24,73,3
24,74,5
24,75,23
24,76,1
24,77,4
24,78,17
24,79,3
24,80,3
24,84,2
25,26,86
25,27,22
25,28,9
25,29,87
25,30,61
25,31,29
25,32,20
25,33,22
25,34,21
25,35,30
25,36,7
25,37,13
25,38,15
25,39,4
25,40,34
25,41,10
25,42,4
25,43,12
25,44,29
25,45,15
25,46,298
25,47,31
25,48,74
25,49,13
25,51,120
25,52,48
25,53,7
25,54,11
25,55,9
25,56,8
25,57,105
25,58,130
25,59,6
25,60,91
25,61,15
25,62,21
25,63,45
25,64,4
25,65,90
25,66,5
25,67,5
25,68,25
25,69,11
25,70,38
25,71,30
25,72,13
25,73,8
25,74,35
25,75,173
25,76,17
25,77,60
25,78,81
25,79,22
25,80,51
25,81,15
25,82,19
25,83,7
25,84,35
25,85,6
25,86,8
25,88,20
26,27,40
26,28,7
26,29,56
26,30,39
26,31,19
26,32,13
26,33,17
26,34,14
26,35,20
26,36,4
26,37,2
26,38,5
26,39,4
26,40,22
26,41,7
26,42,5
26,43,12
26,44,27
26,45,22
26,46,223
26,47,23
26,48,84
26,49,6
26,50,5
26,51,170
26,52,17
26,53,7
26,54,12
26,55,25
26,56,15
26,57,103
26,58,86
26,59,17
26,60,66
26,61,1
26,62,10
26,63,17
26,64,4
26,65,84
26,66,7
26,67,6
26,68,20
26,69,15
26,70,21
26,71,13
26,72,6
26,73,22
26,74,58
26,75,144
26,76,10
26,77,68
26,78,79
26,79,17
26,80,21
26,81,13
26,82,13
26,83,13
26,84,13
26,85,12
26,86,9
26,87,13
26,88,8
27,28,8
27,29,18
27,30,20
27,31,5
27,32,6
27,33,7
27,34,2
27,35,5
27,36,3
27,37,8
27,38,10
27,39,6
27,40,7
27,42,4
27,43,5
27,44,13
27,45,6
27,46,94
27,47,13
27,48,38
27,49,3
27,50,2
27,51,87
27,52,10
27,53,4
27,54,6
27,55,6
27,56,13
27,57,72
27,58,34
27,59,6
27,60,24
27,61,15
27,62,3
27,63,5
27,64,2
27,65,24
27,66,7
27,67,1
27,68,2
27,69,6
27,70,3
27,71,7
27,73,16
27,74,10
27,75,53
27,76,8
27,77,25
27,78,36
27,79,10
27,80,8
27,81,2
27,82,2
27,83,4
27,84,4
27,85,8
27,86,1
27,87,7
27,88,8
28,30,1
28,33,1
28,35,1
28,36,2
28,40,1
28,44,2
28,45,1
28,46,21
28,47,2
28,48,7
28,51,10
28,52,2
28,53,1
28,54,1
28,56,8
28,57,16
28,58,7
28,59,1
28,60,5
28,61,1
28,63,2
28,65,4
28,66,1
28,67,1
28,68,1
28,71,4
28,73,3
28,74,2
28,75,6
28,77,3
28,78,7
28,79,2
28,80,2
28,87,2
28,88,1
29,30,76
29,31,15
29,32,2
29,33,34
29,34,6
29,35,17
29,36,7
29,37,10
29,38,10
29,39,2
29,40,14
29,42,1
29,43,10
29,44,31
29,45,11
29,46,214
29,47,21
29,48,58
29,49,10
29,51,124
29,52,31
29,53,12
29,54,3
29,55,3
29,57,52
29,58,93
29,59,9
29,60,46
29,62,12
29,63,12
29,64,11
29,65,47
29,66,5
29,67,3
29,68,7
29,69,22
29,70,1
29,71,27
29,72,6
29,73,8
29,74,12
29,75,80
29,76,38
29,77,41
29,78,69
29,79,12
29,80,16
29,81,6
29,82,8
29,83,1
29,84,6
29,85,7
29,86,8
29,87,6
29,88,18
30,31,19
30,32,4
30,33,22
30,34,8
30,35,29
30,36,5
30,37,7
30,38,6
30,39,3
30,40,24
30,43,13
30,44,17
30,45,5
30,46,176
30,47,13
30,48,57
30,49,4
30,51,115
30,52,27
30,53,6
30,54,4
30,57,17
30,58,70
30,59,12
30,60,36
30,62,2
30,63,3
30,64,3
30,65,32
30,66,3
30,67,7
30,69,9
30,70,3
30,73,3
30,74,6
30,75,67
30,76,17
30,77,32
30,78,60
30,79,12
30,80,9
30,81,1
30,84,9
30,85,4
30,87,3
30,88,6
31,32,11
31,33,2
31,34,29
31,35,4
31,36,3
31,39,2
31,40,12
31,41,6
31,43,3
31,44,16
31,45,9
31,46,111
31,48,22
31,49,2
31,51,41
31,52,11
31,54,4
31,57,21
31,58,29
31,59,7
31,60,14
31,61,2
31,62,2
31,63,8
31,64,1
31,65,13
31,68,4
31,73,3
31,74,4
31,75,31
31,77,24
31,78,18
31,79,2
31,80,8
31,82,18
31,84,5
31,88,3
32,34,1
32,35,1
32,40,15
32,43,6
32,44,6
32,45,2
32,46,12
32,48,5
32,49,1
32,51,11
32,52,5
32,54,1
32,56,2
32,57,18
32,58,10
32,59,1
32,60,6
32,62,2
32,63,4
32,65,5
32,66,2
32,68,2
32,70,5
32,74,4
32,75,14
32,77,9
32,78,6
32,80,5
32,81,1
32,82,3
32,84,1
32,85,2
32,86,4
32,88,1
33,34,1
33,35,6
33,36,2
33,37,2
33,38,1
33,39,1
33,40,6
33,43,4
33,44,5
33,45,2
33,46,54
33,47,7
33,48,21
33,49,3
33,51,46
33,52,13
33,53,4
33,54,1
33,57,17
33,58,26
33,59,3
33,60,18
33,63,6
33,64,1
33,65,12
33,67,2
33,68,2
33,69,2
33,70,1
33,71,4
33,72,4
33,73,6
33,74,5
33,75,34
33,76,3
33,77,17
33,78,14
33,79,4
33,80,5
33,81,4
33,82,2
33,83,1
33,84,1
33,85,3
33,86,2
33,87,3
33,88,2
34,35,2
34,40,8
34,43,2
34,44,1
34,45,6
34,46,84
34,47,2
34,48,3
34,49,1
34,50,1
34,51,11
34,55,2
34,57,28
34,58,8
34,59,4
34,60,7
34,62,1
34,63,1
34,64,2
34,65,7
34,66,1
34,74,1
34,75,14
34,77,5
34,78,17
34,80,6
34,82,15
34,85,3
34,86,3
34,87,3
35,36,3
35,37,4
35,38,2
35,40,8
35,42,8
35,43,3
35,44,19
35,45,4
35,46,104
35,47,7
35,48,30
35,49,3
35,50,1
35,51,43
35,52,2
35,53,1
35,54,2
35,55,3
35,56,2
35,57,27
35,58,36
35,59,3
35,60,26
35,62,13
35,63,6
35,64,1
35,65,16
35,66,8
35,67,3
35,68,5
35,69,6
35,70,8
35,71,5
35,72,2
35,73,2
35,74,5
35,75,36
35,76,6
35,77,11
35,78,16
35,79,3
35,80,5
35,81,2
35,82,1
35,83,6
35,84,1
35,85,8
35,86,4
35,87,5
36,37,5
36,38,3
36,40,1
36,43,3
36,44,2
36,45,2
36,46,42
36,48,12
36,49,1
36,51,17
36,52,1
36,53,1
36,54,2
36,57,19
36,58,13
36,60,6
36,61,1
36,62,1
36,63,3
36,65,3
36,66,2
36,67,1
36,69,5
36,73,4
36,74,2
36,75,15
36,76,1
36,77,5
36,78,8
36,79,3
36,80,1
36,81,1
36,85,1
37,38,17
37,39,1
37,40,1
37,42,1
37,43,2
37,44,4
37,45,6
37,46,29
37,47,1
37,48,13
37,49,1
37,51,17
37,52,4
37,53,4
37,54,4
37,57,21
37,58,15
37,59,1
37,60,9
37,63,1
37,64,1
37,65,6
37,66,4
37,67,1
37,69,1
37,71,4
37,73,3
37,74,2
37,75,12
37,76,2
37,77,4
37,78,13
37,79,1
37,80,2
37,81,1
37,88,1
38,39,1
38,44,3
38,45,6
38,46,21
38,48,14
38,49,2
38,51,17
38,52,6
38,53,6
38,54,1
38,57,18
38,58,18
38,59,2
38,60,9
38,65,7
38,66,2
38,67,1
38,70,4
38,73,2
38,74,1
38,75,30
38,76,3
38,77,2
38,78,16
38,80,2
38,81,1
38,84,2
38,88,8
39,40,2
39,46,24
39,48,19
39,51,45
39,57,23
39,58,4
39,60,14
39,61,18
39,63,2
39,65,32
39,68,6
39,69,1
39,73,3
39,74,6
39,75,7
39,77,9
39,78,6
39,80,1
40,42,2
40,43,2
40,44,19
40,45,4
40,46,62
40,47,12
40,48,17
40,49,2
40,50,1
40,51,32
40,54,4
40,55,1
40,57,29
40,58,29
40,59,3
40,60,23
40,61,2
40,62,3
40,63,10
40,64,2
40,65,30
40,66,9
40,68,13
40,69,2
40,70,7
40,71,6
40,73,3
40,74,14
40,75,41
40,76,1
40,77,51
40,78,38
40,79,5
40,80,11
40,81,2
40,82,4
40,84,23
40,85,10
40,86,13
40,88,6
41,46,76
41,48,11
41,51,18
41,54,2
41,55,2
41,58,8
41,60,11
41,61,12
41,65,23
41,68,24
41,75,1
41,77,11
41,82,24
41,84,19
42,44,26
42,45,9
42,46,71
42,47,4
42,48,17
42,50,1
42,51,15
42,52,1
42,54,1
42,55,3
42,56,3
42,57,27
42,58,31
42,60,7
42,62,2
42,63,4
42,65,5
42,66,19
42,67,6
42,72,1
42,73,12
42,74,1
42,75,6
42,77,4
42,78,3
42,80,1
42,81,4
42,84,1
42,85,21
42,86,1
43,44,2
43,45,1
43,46,45
43,47,3
43,48,6
43,50,2
43,51,14
43,52,1
43,55,6
43,56,1
43,57,13
43,58,13
43,59,2
43,60,8
43,63,6
43,64,2
43,65,7
43,67,1
43,68,5
43,69,1
43,70,1
43,71,4
43,74,2
43,75,21
43,77,6
43,78,17
43,79,7
43,80,1
43,81,2
43,82,1
43,83,6
43,84,1
43,87,1
43,88,1
44,45,22
44,46,139
44,47,9
44,48,39
44,49,1
44,50,1
44,51,62
44,52,1
44,53,2
44,54,1
44,55,3
44,56,13
44,57,74
44,58,81
44,59,3
44,60,26
44,61,1
44,62,9
44,63,15
44,64,4
44,65,19
44,66,20
44,67,7
44,68,4
44,69,12
44,71,6
44,72,6
44,73,21
44,74,12
44,75,40
44,76,6
44,77,45
44,78,34
44,79,6
44,80,9
44,81,8
44,83,2
44,84,2
44,85,23
44,86,10
44,87,1
44,88,10
45,46,86
45,47,3
45,48,23
45,50,1
45,51,37
45,52,4
45,53,3
45,54,1
45,55,3
45,56,5
45,57,27
45,58,36
45,59,4
45,60,19
45,62,5
45,63,11
45,64,1
45,65,20
45,66,5
45,67,3
45,69,7
45,70,6
45,71,12
45,73,15
45,74,14
45,75,17
45,76,4
45,77,15
45,78,17
45,79,3
45,80,5
45,81,2
45,82,2
45,83,3
45,85,9
45,86,7
45,87,2
45,88,3
46,47,67
46,48,335
46,49,20
46,50,31
46,51,596
46,52,70
46,53,27
46,54,27
46,55,67
46,56,21
46,57,421
46,58,424
46,59,38
46,60,243
46,61,30
46,62,62
46,63,135
46,64,28
46,65,203
46,66,53
46,67,44
46,68,83
46,69,40
46,70,7
46,71,41
46,72,32
46,73,141
46,74,109
46,75,330
46,76,48
46,77,175
46,78,251
46,79,74
46,80,75
46,81,38
46,82,102
46,83,31
46,84,83
46,85,57
46,86,29
46,87,22
46,88,25
47,48,19
47,49,2
47,50,7
47,51,23
47,53,2
47,54,3
47,55,9
47,56,4
47,57,25
47,58,28
47,60,20
47,62,5
47,63,9
47,64,1
47,65,12
47,66,3
47,68,37
47,69,6
47,71,7
47,72,2
47,74,6
47,75,36
47,76,4
47,77,17
47,78,22
47,79,6
47,80,5
47,81,3
47,82,1
47,83,6
47,84,5
47,85,5
47,86,2
47,87,3
47,88,1
48,49,13
48,50,1
48,51,397
48,52,44
48,53,20
48,54,25
48,55,5
48,56,2
48,57,178
48,58,130
48,59,5
48,60,101
48,61,19
48,62,14
48,63,29
48,64,1
48,65,123
48,66,16
48,67,20
48,68,25
48,70,2
48,72,6
48,73,62
48,74,58
48,75,139
48,76,13
48,77,70
48,78,53
48,79,8
48,80,20
48,81,6
48,82,16
48,83,11
48,84,25
48,85,20
48,86,8
48,87,12
48,88,4
49,51,30
49,52,12
49,53,2
49,57,10
49,58,5
49,59,1
49,60,11
49,61,1
49,62,2
49,63,1
49,65,7
49,66,1
49,73,1
49,74,1
49,75,9
49,76,4
49,77,8
49,78,1
49,80,3
49,82,3
49,83,1
49,84,1
49,85,2
49,86,2
49,87,1
49,88,3
50,51,1
50,55,27
50,57,14
50,58,10
50,60,8
50,62,3
50,63,2
50,64,3
50,65,6
50,66,3
50,68,2
50,74,2
50,75,2
50,77,3
50,78,1
50,79,1
50,82,1
50,83,5
50,84,2
50,85,2
50,86,1
50,87,1
51,52,88
51,53,37
51,54,67
51,55,2
51,56,4
51,57,458
51,58,216
51,59,19
51,60,206
51,61,53
51,62,21
51,63,66
51,64,7
51,65,272
51,66,13
51,67,34
51,68,38
51,72,12
51,73,117
51,74,144
51,75,298
51,76,24
51,77,145
51,78,71
51,79,16
51,80,40
51,81,15
51,82,43
51,83,20
51,84,47
51,85,38
51,86,26
51,87,26
51,88,10
52,53,4
52,54,1
52,57,27
52,58,25
52,59,3
52,60,19
52,61,4
52,62,2
52,63,2
52,65,11
52,67,3
52,72,1
52,73,7
52,74,4
52,75,39
52,76,11
52,77,8
52,78,5
52,79,3
52,80,5
52,81,1
52,82,6
52,83,1
52,84,6
52,85,4
52,86,7
52,88,2
53,54,4
53,57,22
53,58,18
53,59,2
53,60,12
53,62,3
53,63,5
53,64,1
53,65,16
53,66,2
53,67,1
53,73,1
53,74,6
53,75,16
53,76,3
53,77,2
53,78,1
53,79,1
53,80,2
53,83,2
53,85,1
53,88,1
54,57,34
54,58,23
54,60,18
54,61,2
54,62,1
54,63,3
54,65,36
54,66,3
54,67,3
54,73,13
54,74,11
54,75,10
54,77,3
54,79,1
54,80,1
54,81,1
54,82,1
54,83,1
54,84,18
54,85,2
54,86,2
55,57,37
55,58,13
55,60,18
55,62,8
55,63,4
55,64,7
55,65,18
55,66,6
55,68,6
55,71,2
55,74,8
55,75,11
55,77,6
55,78,5
55,79,3
55,82,2
55,83,15
55,84,7
55,85,5
55,86,2
55,87,2
56,57,30
56,58,9
56,59,4
56,60,13
56,63,10
56,65,8
56,70,1
56,73,3
56,74,6
56,75,2
56,77,16
56,81,3
56,85,2
56,86,4
56,87,6
56,88,7
57,58,135
57,59,6
57,60,118
57,61,38
57,62,14
57,63,45
57,64,6
57,65,169
57,66,32
57,67,29
57,68,18
57,69,15
57,70,13
57,71,17
57,72,18
57,73,87
57,74,73
57,75,176
57,76,12
57,77,102
57,78,93
57,79,14
57,80,33
57,81,21
57,82,33
57,83,18
57,84,9
57,85,34
57,86,15
57,87,17
57,88,11
58,59,12
58,60,93
58,61,8
58,62,20
58,63,41
58,64,10
58,65,88
58,66,26
58,67,14
58,68,17
58,69,33
58,70,10
58,71,20
58,72,7
58,73,35
58,74,54
58,75,146
58,76,28
58,77,66
58,78,95
58,79,32
58,80,34
58,81,9
58,82,15
58,83,13
58,84,23
58,85,29
58,86,9
58,87,7
58,88,21
59,60,9
59,63,1
59,64,2
59,65,12
59,68,1
59,69,4
59,70,1
59,74,7
59,75,25
59,77,14
59,78,6
59,79,2
59,80,7
59,81,1
59,82,1
59,84,1
59,85,1
59,86,1
59,87,2
59,88,2
60,61,8
60,62,17
60,63,37
60,64,5
60,65,141
60,66,6
60,67,8
60,68,17
60,69,5
60,70,13
60,71,18
60,72,11
60,73,33
60,74,51
60,75,123
60,76,7
60,77,77
60,78,55
60,79,9
60,80,25
60,81,13
60,82,13
60,83,15
60,84,11
60,85,8
60,86,7
60,87,6
60,88,12
61,65,25
61,68,8
61,69,3
61,71,4
61,75,15
61,77,3
61,78,6
61,79,2
61,80,1
61,82,8
61,84,11
61,88,5
62,63,5
62,64,2
62,65,13
62,66,4
62,68,4
62,69,5
62,70,6
62,71,5
62,74,3
62,75,19
62,76,6
62,77,9
62,78,5
62,79,3
62,80,5
62,81,1
62,82,2
62,83,7
62,85,3
62,86,5
62,87,3
63,64,6
63,65,13
63,66,2
63,67,1
63,68,10
63,69,1
63,71,1
63,73,15
63,74,9
63,75,46
63,76,1
63,77,21
63,78,29
63,79,10
63,80,29
63,81,1
63,82,9
63,84,5
63,85,5
63,86,6
63,87,2
63,88,6
64,65,6
64,66,1
64,69,4
64,71,6
64,75,8
64,76,2
64,77,9
64,78,8
64,79,5
64,80,1
64,82,1
64,84,2
64,85,1
64,86,1
64,87,1
64,88,2
65,66,4
65,67,9
65,68,16
65,69,8
65,70,18
65,71,15
65,72,16
65,73,40
65,74,67
65,75,144
65,76,8
65,77,84
65,78,51
65,79,9
65,80,18
65,81,16
65,82,21
65,83,17
65,84,22
65,85,7
65,86,6
65,87,3
65,88,8
66,67,5
66,68,1
66,73,2
66,74,1
66,75,5
66,76,2
66,77,12
66,78,10
66,80,1
66,81,3
66,82,1
66,83,1
66,84,2
66,85,17
66,86,3
66,87,1
67,73,20
67,74,8
67,75,2
67,77,3
67,78,4
67,80,2
67,83,1
67,85,4
67,86,1
67,87,1
68,69,1
68,70,2
68,71,1
68,72,2
68,74,6
68,75,29
68,77,25
68,78,15
68,79,4
68,80,7
68,81,2
68,82,17
68,83,6
68,84,14
68,85,2
68,86,3
68,87,2
69,71,19
69,75,7
69,76,9
69,77,7
69,78,29
69,79,13
69,80,4
69,83,1
69,84,1
69,88,2
70,74,16
70,75,47
70,77,11
70,78,5
70,80,4
70,82,3
70,84,2
70,85,1
70,86,1
70,88,8
71,74,4
71,75,10
71,76,8
71,77,10
71,78,23
71,79,5
71,80,2
71,83,20
71,84,3
71,88,6
72,74,7
72,75,20
72,77,6
72,81,18
72,82,8
72,84,3
72,85,2
72,86,2
72,88,3
73,74,19
73,75,9
73,77,25
73,78,4
73,80,3
73,81,1
73,82,2
73,83,3
73,84,5
73,85,1
73,86,1
73,87,3
74,75,68
74,76,2
74,77,35
74,78,21
74,79,10
74,80,9
74,81,7
74,82,16
74,83,9
74,84,12
74,85,1
74,86,1
74,87,1
74,88,7
75,76,22
75,77,113
75,78,146
75,79,35
75,80,41
75,81,26
75,82,16
75,83,14
75,84,45
75,85,16
75,86,13
75,87,16
75,88,51
76,77,3
76,78,21
76,79,7
76,80,6
76,82,3
76,85,2
76,86,2
76,87,1
76,88,4
77,78,53
77,79,16
77,80,17
77,81,11
77,82,14
77,83,5
77,84,10
77,85,10
77,86,6
77,87,6
77,88,11
78,79,47
78,80,23
78,81,5
78,82,8
78,83,7
78,84,6
78,85,3
78,86,4
78,87,4
78,88,13
79,80,8
79,83,4
79,84,1
79,88,6
80,82,11
80,83,2
80,85,5
80,86,4
80,87,2
80,88,4
81,82,9
81,84,4
81,85,2
81,86,1
81,87,1
81,88,2
82,83,2
82,84,13
82,85,2
82,86,2
82,87,2
83,85,2
83,86,2
83,87,4
84,85,1
84,87,1
84,88,4
85,86,13
85,87,3
86,87,3
87,88,1
